key,en,pl,de
# --- BUTTONS & SWITCHES ---
button_yes,"Yes","Tak","Ja"
button_no,"No","Nie","Nein"
button_ok,"Okay","Okej","Okay"
button_back,"Back","Wróć","Zurück"
button_cancel,"Cancel","Anuluj","Abbrechen"
button_done,"Done!","Gotowe!","Fertig!"
button_erase,"Erase","Skasuj","Löschen"
switch_on,"ON","WŁ","EIN"
switch_off,"OFF","WYŁ","AUS"
ask_sure,"Are you sure?","Czy na pewno?","Bist du sicher?"
ask_erase,"This can't be undone.","Nie da się tego cofnąć.","Das lässt sich nicht rückgängig machen."
error_title,"Error","Błąd","Fehler"
# --- SPLASH SCREEN ---
splash_presents,"OdSoft presents...","OdSoft przedstawia...","OdSoft präsentiert..."
# --- TITLE SCREEN ---
title_root_load,"Load game","Wczytaj grę","Spiel laden"
title_root_new,"New game","Nowa gra","Neues Spiel"
title_root_switch,"Switch user","Zmień użytkownika","Benutzer wechseln"
title_root_set,"Settings","Ustawienia","Einstellungen"
title_root_exit,"Exit game","Wyjdź z gry","Spiel beenden"
title_ask_newgame,"This will result in you losing your current progress.","Będzie to równoznaczne z utratą obecnego postępu.","Dies führt zum Verlust des aktuellen Fortschritts."
# --- SETTINGS ---
settings_general,"General","Ogólne","Allgemein"
settings_video,"Video","Obraz","Bild"
settings_audio,"Audio","Dźwięk","Audio"
settings_input,"Input","Sterowanie","Steuerung"
settings_access,"Accessibility","Ułatwienia dostępu","Barrierefreiheit"
settings_credits,"Credits & Attributions","Twórcy i atrybucje","Mitwirkende & Namensnennung"
settings_feedback,"Open GitHub","Otwórz GitHuba","GitHub öffnen"
settings_contact,"Get in touch","Skontaktuj się","Kontakt aufnehmen"
# --- GENERAL SETTINGS ---
set_general_opendir,"Open game directory","Otwórz katalog gry","Spielverzeichnis öffnen"
set_general_lang,"Language","Język","Sprache"
set_general_erase,"Erase settings","Skasuj ustawienia","Einstellungen löschen"
# --- VIDEO SETTINGS ---
set_video_gpu,"Graphics card: %s","Karta graficzna: %s","Grafikkarte: %s"
set_video_gpu_noid,"Couldn't identify","Nie rozpoznano","Nicht erkannt"
set_video_resolution,"Resolution","Rozdzielczość","Auflösung"
set_video_vsync,"V-Sync","V-Sync","V-Sync"
set_video_fpslimit,"Limit FPS to %s","Ogranicz FPS do %s","FPS auf %s begrenzen"
set_video_fpslimit_nolimit,"Unlimited","Bez limitu","Unbegrenzt"
set_video_dispmode,"Display mode","Tryb wyświetlania","Anzeigemodus"
set_video_dispmode_fullscreen,"Fullscreen","Pełny ekran","Vollbild"
set_video_dispmode_borderless,"Borderless","Bez ramek","Randlos"
set_video_dispmode_windowed,"Windowed","W oknie","Fenstermodus"
set_video_showfps,"Show FPS","Pokaż FPS","FPS anzeigen"
# --- AUDIO SETTINGS ---
set_audio_out,"Audio output","Wyjście audio","Audioausgabe"
set_audio_volume,"Volume: %d%%","Głośność: %d%%","Lautstärke: %d%%"
set_audio_bgm_volume,"BGM Volume: %d%%","Głośność muzyki: %d%%","Musik-Lautstärke: %d%%"
set_audio_sfx_volume,"SFX Volume: %d%%","Głośność efektów: %d%%","SFX-Lautstärke: %d%%"
# --- INPUT SETTINGS ---
# --- ACCESSIBILITY SETTINGS ---
set_access_shakeint,"Shake intensity","Intensywność wstrząsów"
set_access_flashred,"Reduce flashes","Ogranicz błyski"
set_access_motionred,"Reduce motion","Ogranicz ruchy"
set_access_cutscenered,"Skip optional cutscenes","Pomiń opcjonalne przerywniki"
# --- USER SCREEN ---
users_welcome,"Welcome to ASV!","Witamy w ASV!","Willkommen bei ASV!"
users_select,"Select a user...","Wybierz użytkownika...","Benutzer auswählen..."
users_new,"New user...","Nowy użytkownik...","Neuer Benutzer..."
users_create,"Create","Utwórz","Erstellen"
users_error_none,"You need to select a user.","Musisz wybrać użytkownika.","Du musst einen Benutzer auswählen."
users_error_exists,"This user already exists.","Ten użytkownik już istnieje.","Dieser Benutzer existiert bereits."
users_error_noexist,"This user doesn't exist.","Ten użytkownik nie istnieje.","Dieser Benutzer existiert nicht."
users_erase,"Erase user","Skasuj użytkownika","Benutzer löschen"
users_eraseall,"Erase all users","Skasuj wszystkich","Alle Benutzer löschen"
users_erase_ask,"This user will lose all their progress.","Dieser Benutzer verliert seinen gesamten Fortschritt."
users_eraseall_ask,"All users will lose all their progress.","Alle Benutzer verlieren ihren gesamten Fortschritt."